date,metric,value
2018-04-24,stars,3
2018-05-02,stars,4
2018-06-26,stars,5
2018-07-09,stars,7
2018-08-11,stars,9
2018-11-22,stars,11
2018-12-03,stars,12
2019-01-08,stars,13
2019-02-26,stars,15
2019-03-27,stars,18
2019-03-31,chrome_users,10276
2019-04-04,chrome_users,10985
2019-04-14,stars,20
2019-05-20,stars,22
2019-06-24,stars,25
2019-07-23,stars,27
2019-08-23,stars,31
2019-08-25,chrome_users,15200
2019-09-18,stars,34
2019-10-01,chrome_users,16802
2019-10-27,stars,38
2019-11-19,firefox_users,618
2019-11-23,stars,40
2019-12-07,chrome_users,19391
2019-12-10,firefox_users,762
2019-12-10,stars,42
2020-01-02,chrome_users,18001
2020-01-28,stars,52
2020-02-01,chrome_users,21500
2020-02-11,stars,55
2020-02-24,firefox_users,2598
2020-03-20,chrome_users,20000
2020-03-30,stars,59
2020-04-01,firefox_users,3342
2020-04-07,chrome_users,20000
2020-04-26,stars,66
2020-05-01,chrome_users,30000
2020-05-26,stars,73
2020-06-01,chrome_users,30000
2020-06-07,firefox_users,4517
2020-06-29,stars,84
2020-07-21,chrome_users,30000
2020-07-29,stars,86
2020-08-14,firefox_users,2545
2020-08-17,chrome_users,40000
2020-08-30,stars,93
2020-09-17,chrome_users,40000
2020-09-26,stars,100
2020-10-13,chrome_users,50000
2020-10-27,firefox_users,3051
2020-10-31,stars,110
2020-11-06,chrome_users,50000
2020-11-12,firefox_users,3166
2020-11-14,stars,116
2020-12-08,chrome_users,50000
2020-12-08,firefox_users,3275
2020-12-29,stars,119
2021-01-15,firefox_users,3458
2021-01-26,chrome_users,60000
2021-01-31,stars,130
2021-02-03,chrome_users,60000
2021-02-28,stars,138
2021-03-15,chrome_users,70000
2021-03-30,stars,161
2021-04-10,firefox_users,3989
2021-04-16,stars,162
2021-04-30,chrome_users,70000
2021-05-12,chrome_users,80000
2021-05-26,firefox_users,4004
2021-05-31,stars,164
2021-06-01,chrome_users,80000
2021-06-17,stars,167
2021-06-19,firefox_users,4198
2021-07-23,stars,172
2021-07-24,chrome_users,70000
2021-08-06,firefox_users,3965
2021-08-11,chrome_users,80000
2021-08-26,stars,176
2021-09-01,chrome_users,80000
2021-09-28,stars,180
2021-10-02,chrome_users,90000
2021-10-28,stars,184
2021-10-29,chrome_users,98354
2021-11-05,chrome_users,105730
2021-11-12,chrome_users,118855
2021-11-19,chrome_users,129071
2021-11-20,firefox_users,4364
2021-11-26,chrome_users,132993
2021-11-29,stars,191
2021-12-03,chrome_users,144900
2021-12-10,chrome_users,153047
2021-12-17,chrome_users,159106
2021-12-24,chrome_users,150173
2021-12-29,stars,208
2021-12-31,chrome_users,142174
2022-01-07,chrome_users,162545
2022-01-14,chrome_users,173145
2022-01-21,chrome_users,174200
2022-01-24,stars,214
2022-01-28,chrome_users,175051
2022-02-04,chrome_users,170219
2022-02-10,firefox_users,4385
2022-02-11,chrome_users,176351
2022-02-18,chrome_users,178651
2022-02-25,chrome_users,181317
2022-02-28,stars,221
2022-03-04,chrome_users,185401
2022-03-09,firefox_users,4381
2022-03-11,chrome_users,187753
2022-03-18,chrome_users,188674
2022-03-25,chrome_users,193004
2022-03-30,stars,229
2022-04-01,chrome_users,195671
2022-04-08,chrome_users,197641
2022-04-10,firefox_users,4474
2022-04-15,chrome_users,193461
2022-04-20,stars,234
2022-04-22,chrome_users,197334
2022-04-29,chrome_users,203480
2022-05-06,chrome_users,203140
2022-05-13,chrome_users,209616
2022-05-20,chrome_users,212149
2022-05-27,chrome_users,216336
2022-05-31,stars,248
2022-06-03,chrome_users,223695
2022-06-10,chrome_users,227231
2022-06-17,chrome_users,226111
2022-06-24,chrome_users,222878
2022-06-30,stars,256
2022-07-01,chrome_users,219388
2022-07-08,chrome_users,215552
2022-07-15,chrome_users,214553
2022-07-22,chrome_users,216148
2022-07-26,stars,263
2022-07-29,chrome_users,217354
2022-08-05,chrome_users,219847
2022-08-12,chrome_users,223627
2022-08-19,chrome_users,227996
2022-08-26,chrome_users,235408
2022-08-30,stars,270
2022-09-02,chrome_users,242233
2022-09-09,chrome_users,247560
2022-09-16,chrome_users,252531
2022-09-23,chrome_users,254524
2022-09-24,stars,274
2022-09-30,chrome_users,256810
2022-10-07,chrome_users,257797
2022-10-14,chrome_users,261748
2022-10-21,chrome_users,265464
2022-10-27,stars,279
2022-10-28,chrome_users,267282
2022-11-04,chrome_users,267786
2022-11-11,chrome_users,272736
2022-11-18,chrome_users,274221
2022-11-22,firefox_users,4538
2022-11-25,chrome_users,268173
2022-11-27,stars,290
2022-12-02,chrome_users,277109
2022-12-09,chrome_users,277016
2022-12-16,chrome_users,275647
2022-12-19,stars,292
2022-12-23,chrome_users,259010
2022-12-30,chrome_users,234398
2023-01-06,chrome_users,256386
2023-01-13,chrome_users,275419
2023-01-20,chrome_users,276120
2023-01-27,chrome_users,272769
2023-01-27,firefox_users,4697
2023-01-29,stars,298
2023-02-03,chrome_users,282667
2023-02-10,chrome_users,284884
2023-02-17,chrome_users,286557
2023-02-23,stars,300
2023-02-24,chrome_users,285354
2023-03-03,chrome_users,292130
2023-03-10,chrome_users,293871
2023-03-14,firefox_users,4718
2023-03-17,chrome_users,292244
2023-03-24,chrome_users,295903
2023-03-29,stars,303
2023-03-31,chrome_users,296482
2023-04-07,chrome_users,289179
2023-04-11,firefox_users,4543
2023-04-14,chrome_users,291943
2023-04-21,chrome_users,296938
2023-04-21,stars,308
2023-04-28,chrome_users,300099
2023-05-05,chrome_users,300933
2023-05-12,chrome_users,305857
2023-05-19,chrome_users,305168
2023-05-26,chrome_users,304226
2023-05-29,stars,313
2023-06-01,firefox_users,4562
2023-06-02,chrome_users,303418
2023-06-09,chrome_users,310857
2023-06-16,chrome_users,312117
2023-06-23,chrome_users,306541
2023-06-26,stars,324
2023-06-30,chrome_users,300059
2023-07-07,chrome_users,295233
2023-07-07,firefox_users,4484
2023-07-14,chrome_users,296230
2023-07-14,stars,328
2023-07-21,chrome_users,296374
2023-07-28,chrome_users,296190
2023-08-04,chrome_users,297855
2023-08-11,chrome_users,299933
2023-08-18,chrome_users,303532
2023-08-25,chrome_users,311757
2023-08-31,stars,336
2023-09-01,chrome_users,319644
2023-09-08,chrome_users,326297
2023-09-15,chrome_users,332879
2023-09-22,chrome_users,336275
2023-09-29,chrome_users,341286
2023-09-29,stars,342
2023-10-04,firefox_users,4632
2023-10-06,chrome_users,343524
2023-10-13,chrome_users,349618
2023-10-20,chrome_users,353424
2023-10-27,chrome_users,356555
2023-10-31,stars,346
2023-11-03,chrome_users,358032
2023-11-09,stars,347
2023-11-10,chrome_users,364816
2023-11-17,chrome_users,364966
2023-11-24,chrome_users,356119
2023-12-01,chrome_users,367062
2023-12-08,chrome_users,365617
2023-12-12,firefox_users,4663
2023-12-15,chrome_users,363342
2023-12-22,chrome_users,347178
2023-12-26,stars,352
2023-12-29,chrome_users,309956
2024-01-05,chrome_users,330034
2024-01-07,firefox_users,4185
2024-01-10,stars,353
2024-01-12,chrome_users,358224
2024-01-19,chrome_users,359935
2024-01-26,chrome_users,362193
2024-02-02,chrome_users,364600
2024-02-09,chrome_users,361472
2024-02-15,firefox_users,4553
2024-02-16,chrome_users,353915
2024-02-23,chrome_users,363496
2024-02-29,stars,359
2024-03-01,chrome_users,368683
2024-03-08,chrome_users,370057
2024-03-15,chrome_users,368222
2024-03-22,chrome_users,369687
2024-03-28,stars,363
2024-03-29,chrome_users,360778
2024-04-04,firefox_users,4451
2024-04-05,chrome_users,362987
2024-04-12,chrome_users,363658
2024-04-19,chrome_users,369129
2024-04-24,stars,365
2024-04-26,chrome_users,368675
2024-05-03,chrome_users,367854
2024-05-10,chrome_users,367232
2024-05-14,firefox_users,4390
2024-05-17,chrome_users,367767
2024-05-23,stars,369
2024-05-24,chrome_users,364225
2024-05-31,chrome_users,358958
2024-06-07,chrome_users,354156
2024-06-14,chrome_users,346935
2024-06-21,chrome_users,336017
2024-06-27,stars,374
2024-06-28,chrome_users,332299
2024-07-05,chrome_users,325507
2024-07-12,chrome_users,324458
2024-07-19,chrome_users,320079
2024-07-19,stars,376
2024-07-26,chrome_users,318049
2024-08-02,chrome_users,318370
2024-08-09,chrome_users,318020
2024-08-16,chrome_users,319352
2024-08-16,firefox_users,4143
2024-08-23,chrome_users,323253
2024-08-25,stars,380
2024-08-30,chrome_users,326822
2024-09-06,chrome_users,329404
2024-09-13,chrome_users,331275
2024-09-20,chrome_users,329655
2024-09-20,firefox_users,4276
2024-09-23,stars,381
2024-09-27,chrome_users,330746
2024-10-03,firefox_users,4318
2024-10-04,chrome_users,327915
2024-10-11,chrome_users,328599
2024-10-18,chrome_users,328746
2024-10-25,chrome_users,330165
2024-10-31,stars,388
2024-11-01,chrome_users,326926
2024-11-08,chrome_users,329968
2024-11-15,chrome_users,329843
2024-11-22,chrome_users,328404
2024-11-25,stars,394
2024-11-29,chrome_users,320125
2024-12-06,chrome_users,325698
2024-12-12,firefox_users,4446
2024-12-13,chrome_users,321847
2024-12-20,chrome_users,311330
2024-12-22,stars,398
2024-12-27,chrome_users,279490
2025-01-03,chrome_users,279492
2025-01-10,chrome_users,308475
2025-01-17,chrome_users,312451
2025-01-24,chrome_users,310654
2025-01-25,firefox_users,4501
2025-01-31,chrome_users,302241
2025-01-31,stars,404
2025-02-07,chrome_users,311325
2025-02-14,chrome_users,312879
2025-02-14,firefox_users,4471
2025-02-21,chrome_users,311037
2025-02-28,chrome_users,313948
2025-02-28,stars,412
2025-03-01,firefox_users,4553
2025-03-07,chrome_users,312973
2025-03-14,chrome_users,310414
2025-03-21,chrome_users,309181
2025-03-28,chrome_users,306717
2025-03-29,stars,418
2025-04-03,firefox_users,4466
2025-04-04,chrome_users,302727
2025-04-11,chrome_users,306945
2025-04-18,chrome_users,298613
2025-04-25,chrome_users,300678
2025-04-27,stars,424
2025-05-02,chrome_users,302777
2025-05-09,chrome_users,303885
2025-05-16,chrome_users,302657
2025-05-23,chrome_users,299937
2025-05-30,chrome_users,296712
2025-05-31,stars,430
2025-06-04,firefox_users,4299
2025-06-06,chrome_users,296956
2025-06-13,chrome_users,293603
2025-06-20,chrome_users,288601
2025-06-27,chrome_users,284725
2025-06-28,stars,437
2025-07-04,chrome_users,280743
2025-07-11,chrome_users,278579
2025-07-18,chrome_users,277272
2025-07-18,firefox_users,4288
2025-07-25,chrome_users,275860
2025-07-31,stars,440
2025-08-01,chrome_users,275511
2025-08-08,chrome_users,275333
2025-08-09,firefox_users,4263
2025-08-15,chrome_users,275571
2025-08-22,chrome_users,278987
2025-08-24,stars,447
2025-08-29,chrome_users,282650
2025-09-05,chrome_users,286397
2025-09-12,chrome_users,289371
2025-09-14,firefox_users,4360
2025-09-19,chrome_users,289282
2025-09-22,stars,452
2025-09-26,chrome_users,289090
2025-10-03,chrome_users,288800
2025-10-10,chrome_users,289064
2025-10-17,chrome_users,290553
2025-10-24,chrome_users,288605
2025-10-27,stars,456
2025-10-31,chrome_users,289397
2025-11-01,firefox_users,4110
2025-11-04,stars,458
2025-11-07,chrome_users,290809
2025-11-14,chrome_users,290542
2025-11-21,chrome_users,288843
2025-11-28,chrome_users,282596
2025-12-03,firefox_users,4371
2025-12-05,chrome_users,286908
2025-12-12,chrome_users,285221
2025-12-16,stars,461
2025-12-19,chrome_users,280755
2025-12-26,chrome_users,257576
2026-01-02,chrome_users,250208
2026-01-05,firefox_users,3911
2026-01-09,chrome_users,276257
2026-01-16,chrome_users,281442
2026-01-23,chrome_users,282025
2026-01-30,chrome_users,284312
2026-01-30,stars,464
2026-02-03,firefox_users,4414
2026-02-06,chrome_users,283735
2026-02-13,chrome_users,281820
2026-02-20,chrome_users,267695
2026-02-27,chrome_users,278544
2026-02-28,stars,467
2026-03-06,chrome_users,277184
2026-03-10,firefox_users,4353
2026-03-13,chrome_users,277196
2026-03-20,chrome_users,273987
2026-03-27,chrome_users,274555
2026-03-27,stars,471
2026-04-03,chrome_users,271660
2026-04-10,chrome_users,272248
2026-04-15,firefox_users,4203
2026-04-17,chrome_users,279971
2026-04-24,chrome_users,277200
2026-04-29,stars,473
2026-05-01,chrome_users,276577
2026-05-08,chrome_users,274966
2026-05-14,firefox_users,4215
2026-05-15,chrome_users,274887
2026-05-21,stars,478
2026-05-22,chrome_users,277086
2026-05-29,chrome_users,275860
2026-06-05,chrome_users,276953
2026-06-07,firefox_users,4229
2026-06-12,chrome_users,273850
2026-06-19,chrome_users,266825
2026-06-23,stars,481
2026-06-26,chrome_users,261455
2026-07-03,chrome_users,256949
2026-07-10,chrome_users,254119
2026-07-13,firefox_users,4062
2026-07-17,chrome_users,256392
2026-07-24,chrome_users,258723
2026-07-26,stars,484
2026-07-31,chrome_users,258301
2026-08-07,chrome_users,259062
2026-08-14,chrome_users,263698
2026-08-21,chrome_users,266259
2026-08-24,stars,488
2026-08-28,chrome_users,269690
2026-08-31,firefox_users,4032
2026-09-04,chrome_users,273705
2026-09-11,chrome_users,276747
2026-09-16,stars,489
2026-09-18,chrome_users,277098
2026-09-25,chrome_users,276860
2026-10-02,chrome_users,278993
2026-10-08,chrome_users,280249
2026-10-10,chrome_store,200000
2026-10-10,firefox_users,4155
2026-10-10,stars,491
